{
  "train_loss": [
    0.5078137516975403,
    0.4915633201599121,
    0.5537732839584351,
    -0.6017040610313416,
    -0.8117075562477112,
    -0.7421483993530273,
    -0.782229483127594,
    -0.7363152503967285,
    -0.6579971313476562,
    -0.798032820224762,
    -0.15733075141906738,
    -0.8310168981552124,
    -0.8445800542831421,
    -0.8025590181350708,
    -0.8470426201820374,
    -0.8096095323562622,
    -0.7865877151489258,
    -0.851783275604248,
    -0.8187648057937622,
    -0.8442212343215942,
    -0.775564432144165,
    -0.8284903764724731,
    -0.8218567967414856,
    -0.8239564895629883,
    -0.8223990797996521,
    -0.866154670715332,
    -0.8465842008590698,
    -0.7953252792358398,
    -0.840016782283783,
    -0.8492563962936401
  ],
  "train_loss_av": [
    -0.9278281927108765,
    -0.9307239651679993,
    -0.9562866687774658,
    -0.905350923538208,
    -0.9093672633171082,
    -0.8859103918075562,
    -0.905322253704071,
    -0.8925338387489319,
    -0.9316896200180054,
    -0.8889150023460388,
    -0.9204699397087097,
    -0.9097622036933899,
    -0.9203301072120667,
    -0.8983070850372314,
    -0.9243851900100708,
    -0.8778526186943054,
    -0.9307026267051697,
    -0.9269430637359619,
    -0.9131034016609192,
    -0.9239674210548401,
    -0.918350100517273,
    -0.8973006010055542,
    -0.8967929482460022,
    -0.8944733142852783,
    -0.9123645424842834,
    -0.930202305316925,
    -0.9250829815864563,
    -0.9292926788330078,
    -0.9112793803215027,
    -0.9197309017181396
  ],
  "train_loss_tc": [
    0.13838189840316772,
    0.1444491744041443,
    0.1656571477651596,
    0.18362005054950714,
    0.23432853817939758,
    0.1922067552804947,
    0.22787730395793915,
    0.22228699922561646,
    0.18971192836761475,
    0.22155775129795074,
    0.17867553234100342,
    0.21154099702835083,
    0.2116585522890091,
    0.22031892836093903,
    0.22196064889431,
    0.21391445398330688,
    0.20637206733226776,
    0.23430071771144867,
    0.19395452737808228,
    0.22287617623806,
    0.20813028514385223,
    0.19831466674804688,
    0.21811024844646454,
    0.21147584915161133,
    0.23270505666732788,
    0.18964165449142456,
    0.23841579258441925,
    0.18754039704799652,
    0.20736443996429443,
    0.21479327976703644
  ],
  "train_loss_nce": [
    1.394127368927002,
    1.3789525032043457,
    1.4603627920150757,
    0.2485608607530594,
    0.027361169457435608,
    0.08609998971223831,
    0.054729580879211426,
    0.08953247219324112,
    0.216778963804245,
    0.024414831772446632,
    0.7095365524291992,
    0.015282964333891869,
    0.012252505868673325,
    0.029652360826730728,
    0.01075432077050209,
    0.004068705253303051,
    0.08220327645540237,
    0.004869597032666206,
    0.03615224361419678,
    0.012883281335234642,
    0.08034659177064896,
    0.009315859526395798,
    0.009503088891506195,
    0.00707404175773263,
    0.020153922960162163,
    0.0071551259607076645,
    0.006974055431783199,
    0.07770524173974991,
    0.009053283371031284,
    0.00603654608130455
  ],
  "val_loss": [
    1.308691057291898,
    1.307031663981351,
    1.3292826955968684,
    0.14713587408716028,
    0.3047333061695099,
    0.4810060641982339,
    0.8656280745159496,
    0.21213929490609604,
    0.2700749622149901,
    0.19167988273230466,
    0.33945210955359717,
    0.1308446472341364,
    0.31566150892864575,
    0.626340242949399,
    0.2863062714988535,
    0.3523836000399156,
    0.10863444750959222,
    0.7033068537712097,
    0.14694599942727524,
    0.3641831468452107,
    0.23772147839719598,
    0.31766696680675854,
    0.23863009837540713,
    0.2724913250316273,
    0.257828108289025,
    0.2941971746358005,
    0.21710940924557773,
    0.26160298016938294,
    0.17399105429649353,
    0.2798242460597645
  ],
  "val_protagonist_ratio": [
    0.5,
    0.5,
    0.5,
    0.5,
    0.5,
    0.5,
    0.5,
    0.5,
    0.5,
    0.5,
    0.5,
    0.5,
    0.5,
    0.5,
    0.5,
    0.5,
    0.5,
    0.5,
    0.5,
    0.5,
    0.5,
    0.5,
    0.5,
    0.5,
    0.5,
    0.5,
    0.5,
    0.5,
    0.5,
    0.5
  ]
}